iteration,ai_ratio,entropy,vocab_size
0,0.02056807051909892,4.368016581441299,1063
1,0.021526418786692758,4.367838515348558,1063
2,0.022482893450635387,4.367092480398239,1063
3,0.0234375,4.369088705604635,1066
4,0.024390243902439025,4.370500497211611,1066
5,0.025341130604288498,4.37024754261082,1066
6,0.02629016553067186,4.369985680277573,1066
7,0.027237354085603113,4.371174278857219,1066
8,0.028182701652089408,4.3708383736890495,1066
9,0.02912621359223301,4.370408617781569,1066
10,0.030067895247332686,4.3673554903464105,1066
11,0.031007751937984496,4.366997918803813,1066
12,0.031945788964181994,4.368041564410996,1066
13,0.03288201160541586,4.363977481074691,1066
14,0.033816425120772944,4.359264657174521,1066
15,0.03474903474903475,4.354068633260172,1066
16,0.03567984570877531,4.353679311250126,1066
17,0.036608863198458574,4.3533277240406925,1066
18,0.03753609239653513,4.352934921503674,1066
19,0.038461538461538464,4.353879858324825,1066
20,0.0393852065321806,4.353483065053718,1066
21,0.04030710172744722,4.353130174230239,1066
22,0.04122722914669223,4.352730045950172,1066
23,0.0421455938697318,4.347206152718943,1066
24,0.0430622009569378,4.346813287387246,1066
25,0.04397705544933078,4.346545177362035,1066
26,0.044890162368672396,4.34547257376731,1066
27,0.04580152671755725,4.345127405413522,1066
28,0.04671115347950429,4.343588495968147,1066
29,0.047619047619047616,4.343194032116198,1066
30,0.048525214081826834,4.342933354894929,1066
31,0.049429657794676805,4.34265394069804,1066
32,0.050332383665717,4.342371240895422,1066
33,0.051233396584440226,4.341975105244386,1066
34,0.052132701421800945,4.340118538214055,1066
35,0.05303030303030303,4.337997788139708,1066
36,0.05392620624408704,4.335657123177426,1066
37,0.054820415879017016,4.335408530470178,1066
38,0.05571293673276676,4.33508616812247,1066
39,0.05660377358490566,4.334760884881554,1066
40,0.057492931196983975,4.334432718737665,1066
41,0.0583804143126177,4.329046098799887,1066
42,0.059266227657572904,4.323397361998725,1066
43,0.06015037593984962,4.323024928294807,1066
44,0.06103286384976526,4.322554103673682,1066
45,0.06191369606003752,4.322179363172531,1066
46,0.06279287722586692,4.319833211379771,1066
47,0.06367041198501873,4.319456168763283,1066
48,0.06454630495790459,4.318984459210281,1066
49,0.06542056074766354,4.313248627794983,1066
50,0.06629318394024276,4.312879754866612,1066
51,0.06716417910447761,4.306960521622792,1066
52,0.06803355079217148,4.306731139849593,1066
53,0.06890130353817504,4.306278607772653,1066
54,0.06976744186046512,4.306047627515493,1066
55,0.07063197026022305,4.305814443178618,1066
56,0.07149489322191271,4.303487648752253,1066
57,0.07235621521335807,4.303258068681137,1066
58,0.0732159406858202,4.302900984635029,1066
59,0.07407407407407407,4.296942236286023,1066
60,0.07493061979648474,4.296718783651995,1066
61,0.07578558225508318,4.296492354651985,1066
62,0.07663896583564174,4.296039762968407,1066
63,0.07749077490774908,4.293664978919317,1066
64,0.07834101382488479,4.287659995267822,1066
65,0.07918968692449356,4.2874413908390485,1066
66,0.08003679852805888,4.287104955418851,1066
67,0.08088235294117647,4.286887591795991,1066
68,0.08172635445362718,4.286666453270042,1066
69,0.08256880733944955,4.286215669094122,1066
70,0.08340971585701192,4.285878327960914,1066
71,0.08424908424908426,4.2856579982163705,1066
72,0.08508691674290943,4.285428789428389,1066
73,0.08592321755027423,4.283029707324788,1066
74,0.0867579908675799,4.277035319952625,1066
75,0.08759124087591241,4.276706624218919,1066
76,0.08842297174111212,4.276433905501804,1066
77,0.08925318761384335,4.276102690282967,1066
78,0.09008189262966333,4.270014004227893,1066
79,0.09090909090909091,4.2697424983760595,1066
80,0.09173478655767484,4.26946845891549,1066
81,0.0925589836660617,4.269144786475219,1066
82,0.09338168631006347,4.266785001091041,1066
83,0.09420289855072464,4.266459392810222,1066
84,0.09502262443438914,4.265787868226756,1066
85,0.09584086799276673,4.265577211202701,1066
86,0.0966576332429991,4.25950457840853,1066
87,0.09747292418772563,4.253339918445835,1066
88,0.09828674481514878,4.25303164833182,1066
89,0.0990990990990991,4.25276942388378,1066
90,0.0999099909990999,4.250460397203029,1066
91,0.10071942446043165,4.250266186954708,1066
92,0.10152740341419586,4.247863735026292,1066
93,0.10233393177737882,4.247671042984953,1066
94,0.1031390134529148,4.247495625668047,1066
95,0.1039426523297491,4.241414402930911,1066
96,0.10474485228290063,4.241162808426236,1066
97,0.10554561717352415,4.240908853185883,1066
98,0.1063449508489723,4.234760184961611,1066
99,0.10714285714285714,4.234471658788312,1066
100,0.1079393398751115,4.232127957958359,1066
101,0.10873440285204991,4.231951004342994,1066
102,0.10952804986642921,4.225816387430719,1066
103,0.1103202846975089,4.219623089184186,1066
104,0.1111111111111111,4.219350052410258,1066
105,0.11190053285968028,4.2131131238513415,1066
106,0.1126885536823425,4.212972237583756,1066
107,0.11347517730496454,4.212812204916055,1066
108,0.11426040744021258,4.2105874955626925,1066
109,0.11504424778761062,4.210447243778216,1066
110,0.11582670203359859,4.2101266344489865,1066
111,0.1166077738515901,4.209983296477753,1066
112,0.11738746690203,4.2076952477405705,1066
113,0.11816578483245149,4.207534740847207,1066
114,0.11894273127753303,4.201418147392946,1066
115,0.11971830985915492,4.201281508665621,1066
116,0.12049252418645559,4.201124526003092,1066
117,0.12126537785588752,4.200965262872822,1066
118,0.12203687445127305,4.200741527735308,1066
119,0.12280701754385964,4.20051559368751,1066
120,0.12357581069237511,4.194380894669365,1066
121,0.1243432574430823,4.1882090254267945,1066
122,0.12510936132983377,4.1860510309948085,1066
123,0.1258741258741259,4.185814506515956,1066
124,0.12663755458515283,4.179676469195145,1066
125,0.1273996509598604,4.173509447601917,1066
126,0.12816041848299914,4.171400590648265,1066
127,0.1289198606271777,4.171177038161974,1066
128,0.12967798085291557,4.165049496281889,1066
129,0.13043478260869565,4.164946119306002,1066
130,0.13119026933101652,4.164840345220219,1066
131,0.13194444444444445,4.164622278054381,1066
132,0.1326973113616652,4.164514492186651,1066
133,0.13344887348353554,4.162408864737433,1066
134,0.1341991341991342,4.162163072071909,1066
135,0.13494809688581316,4.161944106903386,1066
136,0.13569576490924806,4.16183680672456,1066
137,0.13644214162348878,4.155789858618874,1066
138,0.1371872303710095,4.153689521746424,1066
139,0.13793103448275862,4.151532698305839,1066
140,0.13867355727820843,4.149322748072148,1066
141,0.13941480206540446,4.149211124396823,1066
142,0.14015477214101463,4.14899926302484,1066
143,0.140893470790378,4.148785007789605,1066
144,0.14163090128755365,4.148689921282461,1066
145,0.1423670668953688,4.148504905830152,1066
146,0.143101970865467,4.148407840409263,1066
147,0.14383561643835616,4.148308543950433,1066
148,0.14456800684345594,4.1481949797084345,1066
149,0.1452991452991453,4.147980103222772,1066
